"Family","Species","LastCollected","Specimens"
"Acoraceae","Acorus calamus",1932,4
"Alismataceae","Sagittaria montevidensis",1943,1
"Amaranthaceae","Amaranthus deflexus",1902,1
"Amaranthaceae","Atriplex gardneri",1956,16
"Amaranthaceae","Atriplex pusilla",1952,11
"Amaranthaceae","Atriplex truncata",1939,10
"Amaranthaceae","Chenopodium ambrosioides",1954,1
"Amaranthaceae","Chenopodium chenopodioides",1953,6
"Amaranthaceae","Chenopodium hians",1920,1
"Amaranthaceae","Chenopodium incognitum",1954,1
"Amaranthaceae","Chenopodium murale",1902,2
"Amaranthaceae","Chenopodium nevadense",1937,4
"Amaranthaceae","Chenopodium nitens",1927,1
"Amaranthaceae","Chenopodium simplex",1964,8
"Amaranthaceae","Chenopodium strictum",1963,1
"Amaranthaceae","Chenopodium vulvaria",1955,2
"Amaranthaceae","Corispermum hyssopifolium",1922,1
"Amaranthaceae","Corispermum villosum",1927,2
"Amaranthaceae","Dysphania multifida",1922,4
"Amaranthaceae","Kochia americana",1912,1
"Amaranthaceae","Monolepis spathulata",1931,2
"Amaranthaceae","Roubieva multifida",1922,1
"Amaryllidaceae","Allium douglasii",1954,7
"Amaryllidaceae","Allium nigrum",1959,1
"Amaryllidaceae","Allium schoenoprasum",1958,2
"Amaryllidaceae","Allium watsonii",1930,2
"Anacardiaceae","Rhus aromatica",1959,9
"Anacardiaceae","Rhus trilobata",1942,6
"Apiaceae","Anethum graveolens",1956,8
"Apiaceae","Angelica tomentosa",1939,5
"Apiaceae","Apium graveolens",1961,2
"Apiaceae","Cicuta bulbifera",1916,3
"Apiaceae","Cicuta maculata",1922,7
"Apiaceae","Conioselinum scopulorum",1961,2
"Apiaceae","Heracleum lanatum",1958,4
"Apiaceae","Ligusticum californicum",1902,3
"Apiaceae","Lomatium brunsfeldianum",1886,1
"Apiaceae","Lomatium serpentinum",1958,6
"Apiaceae","Lomatium watsonii",1964,4
"Apiaceae","Myrrhis odorata",1957,2
"Apiaceae","Rhysopterus plurijugus",1949,2
"Apiaceae","Tauschia kelloggii",1935,10
"Apiaceae","Torilis henryi",1903,2
"Apiaceae","Torilis nodosa",1932,5
"Apiaceae","Zizia aptera",1903,2
"Apocynaceae","Apocynum sibiricum",1956,11
"Apocynaceae","Apocynum suksdorfii",1916,1
"Apocynaceae","Asclepias mexicana",1910,1
"Araceae","Lemna minima",1940,1
"Araceae","Lemna valdiviana",1899,1
"Araceae","Wolffia punctata",1963,1
"Araliaceae","Aralia chinensis",1948,2
"Asparagaceae","Brodiaea bridgesii",1940,2
"Asparagaceae","Brodiaea crocea",1931,1
"Asparagaceae","Brodiaea howellii",1923,1
"Asparagaceae","Brodiaea hyacinthina",1911,1
"Asparagaceae","Brodiaea terrestris",1957,16
"Asparagaceae","Dichelostemma multiflorum",1948,7
"Asparagaceae","Muscari comosum",1922,3
"Asparagaceae","Smilacina sessilifolia",1927,1
"Asparagaceae","Triteleia howellii",1916,2
"Asparagaceae","Triteleia laxa",1913,1
"Aspleniaceae","Asplenium bulbiferum",1926,1
"Asteraceae","Arctium lappa",1953,2
"Asteraceae","Arctium tomentosum",1956,3
"Asteraceae","Arnica fulgens",1954,5
"Asteraceae","Arnica gracilis",1963,10
"Asteraceae","Artemisia abrotanum",1951,1
"Asteraceae","Artemisia absinthium",1962,8
"Asteraceae","Artemisia campestris",1941,6
"Asteraceae","Artemisia spiciformis",1901,1
"Asteraceae","Askellia pygmaea",1969,6
"Asteraceae","Aster campestris",1932,3
"Asteraceae","Aster chilensis",1892,1
"Asteraceae","Aster cusickii",1963,3
"Asteraceae","Aster eatonii",1915,1
"Asteraceae","Aster frondosus",1905,1
"Asteraceae","Aster hallii",1902,3
"Asteraceae","Aster occidentalis",1925,4
"Asteraceae","Aster shastensis",1934,2
"Asteraceae","Aster subspicatus",1944,1
"Asteraceae","Aster vialis",1933,1
"Asteraceae","Balsamorhiza macrophylla",1950,1
"Asteraceae","Balsamorhiza terebinthacea",1931,1
"Asteraceae","Balsamorhiza tomentosa",1930,2
"Asteraceae","Bidens beckii",1935,3
"Asteraceae","Brickellia californica",1947,9
"Asteraceae","Carthamus tinctorius",1968,2
"Asteraceae","Centaurea jacea",1943,3
"Asteraceae","Centaurea melitensis",1947,21
"Asteraceae","Centaurea nigra",1955,7
"Asteraceae","Centaurea nigrescens",1932,1
"Asteraceae","Chamaemelum mixtum",1902,1
"Asteraceae","Chrysanthemum balsamita",1955,2
"Asteraceae","Chrysanthemum leucanthemum",1932,4
"Asteraceae","Chrysothamnus humilis",1965,7
"Asteraceae","Chrysothamnus nauseosus",1955,1
"Asteraceae","Cirsium acanthodontum",1945,2
"Asteraceae","Cirsium americanum",1913,2
"Asteraceae","Cirsium callilepis",1901,2
"Asteraceae","Cirsium canovirens",1948,3
"Asteraceae","Cirsium douglasii",1927,1
"Asteraceae","Cirsium hallii",1927,1
"Asteraceae","Cirsium peckii",1936,3
"Asteraceae","Cirsium subniveum",1944,4
"Asteraceae","Cirsium undulatum",1963,28
"Asteraceae","Crepis barbigera",1954,13
"Asteraceae","Erigeron cascadensis",1967,6
"Asteraceae","Erigeron tener",1901,2
"Asteraceae","Filago pyramidata",1937,1
"Asteraceae","Gnaphalium canescens",1915,1
"Asteraceae","Gnaphalium chilense",1919,1
"Asteraceae","Gnaphalium purpureum",1952,7
"Asteraceae","Helianthella californica",1899,1
"Asteraceae","Helianthus bolanderi",1936,5
"Asteraceae","Helianthus tuberosus",1959,3
"Asteraceae","Hulsea algida",1962,10
"Asteraceae","Lactuca canadensis",1964,2
"Asteraceae","Lapsanastrum apogonoides",1940,2
"Asteraceae","Lasthenia macrantha",1929,1
"Asteraceae","Leontodon taraxacoides",1947,11
"Asteraceae","Leucanthemum maximum",1922,1
"Asteraceae","Lygodesmia juncea",1951,1
"Asteraceae","Madia madioides",1929,1
"Asteraceae","Matricaria chamomilla",1969,2
"Asteraceae","Matricaria occidentalis",1953,2
"Asteraceae","Microseris douglasii",1889,2
"Asteraceae","Oncosiphon suffruticosum",1902,3
"Asteraceae","Packera porteri",1899,1
"Asteraceae","Pseudognaphalium macounii",1915,1
"Asteraceae","Pyrrocoma uniflora",1955,4
"Asteraceae","Rudbeckia alpicola",1925,1
"Asteraceae","Rudbeckia californica",1945,3
"Asteraceae","Senecio aronicoides",1913,1
"Asteraceae","Senecio bolanderi",1947,3
"Asteraceae","Senecio hesperius",1884,2
"Asteraceae","Senecio macounii",1954,3
"Asteraceae","Senecio pseudaureus",1938,1
"Asteraceae","Senecio streptanthifolius",1927,1
"Asteraceae","Solidago spectabilis",1950,6
"Asteraceae","Stylocline psilocarphoides",1941,3
"Asteraceae","Symphyotrichum eatonii",1915,1
"Asteraceae","Symphyotrichum ericoides",1937,8
"Asteraceae","Symphyotrichum laeve",1947,1
"Asteraceae","Tanacetum balsamita",1954,3
"Asteraceae","Taraxacum ceratophorum",1933,1
"Asteraceae","Tragopogon pratensis",1916,1
"Asteraceae","Wyethia cusickii",1950,2
"Asteraceae","Wyethia mollis",1952,12
"Balsaminaceae","Impatiens ecalcarata",1947,3
"Balsaminaceae","Impatiens ecornuta",1935,3
"Berberidaceae","Berberis pumila",1968,8
"Berberidaceae","Vancouveria chrysantha",1930,5
"Betulaceae","Alnus tenuifolia",1943,1
"Betulaceae","Betula papyrifera",1958,7
"Betulaceae","Betula pumila",1927,6
"Boraginaceae","Allocarya cognata",1953,1
"Boraginaceae","Amsinckia intermedia",1914,1
"Boraginaceae","Amsinckia retrorsa",1896,2
"Boraginaceae","Amsinckia spectabilis",1939,6
"Boraginaceae","Anchusa azurea",1952,4
"Boraginaceae","Andersonglossum occidentale",1962,11
"Boraginaceae","Cryptantha rostellata",1952,13
"Boraginaceae","Cryptantha scoparia",1952,15
"Boraginaceae","Cryptantha sobolifera",1935,3
"Boraginaceae","Cynoglossum occidentale",1937,3
"Boraginaceae","Hackelia setosa",1948,2
"Boraginaceae","Lappula montana",1936,2
"Boraginaceae","Mertensia subcordata",1887,1
"Boraginaceae","Mertensia umbratilis",1938,3
"Boraginaceae","Mertensia viridis",1901,2
"Boraginaceae","Myosotis verna",1927,8
"Boraginaceae","Pectocarya penicillata",1948,15
"Boraginaceae","Pectocarya pusilla",1948,5
"Boraginaceae","Plagiobothrys lamprocarpus",1921,1
"Boraginaceae","Plagiobothrys mollis",1949,17
"Boraginaceae","Plagiobothrys reticulatus",1939,6
"Boraginaceae","Plagiobothrys stipitatus",1967,8
"Boraginaceae","Sonnea hispida",1954,6
"Brassicaceae","Abdra brachycarpa",1887,1
"Brassicaceae","Arabis alpina",1955,2
"Brassicaceae","Arabis breweri",1934,2
"Brassicaceae","Arabis drummondii",1921,3
"Brassicaceae","Arabis glabra",1924,1
"Brassicaceae","Arabis hirsuta",1966,1
"Brassicaceae","Arabis macdonaldiana",1932,5
"Brassicaceae","Arabis oregana",1967,16
"Brassicaceae","Arabis rectissima",1937,3
"Brassicaceae","Arabis sparsiflora",1936,3
"Brassicaceae","Athysanus unilateralis",1889,1
"Brassicaceae","Barbarea verna",1934,1
"Brassicaceae","Boechera breweri",1954,2
"Brassicaceae","Boechera covillei",1951,4
"Brassicaceae","Boechera microphylla",1957,4
"Brassicaceae","Boechera rectissima",1943,2
"Brassicaceae","Brassica juncea",1948,7
"Brassicaceae","Camelina rumelica",1953,1
"Brassicaceae","Cardamine parviflora",1896,2
"Brassicaceae","Cardaria pubescens",1927,1
"Brassicaceae","Chlorocrambe hastata",1967,3
"Brassicaceae","Descurainia californica",1949,3
"Brassicaceae","Descurainia incana",1954,3
"Brassicaceae","Descurainia richardsonii",1931,2
"Brassicaceae","Diplotaxis muralis",1902,1
"Brassicaceae","Diplotaxis tenuifolia",1926,3
"Brassicaceae","Draba albertina",1935,9
"Brassicaceae","Draba aureola",1957,11
"Brassicaceae","Draba cana",1966,2
"Brassicaceae","Draba crassifolia",1934,4
"Brassicaceae","Draba incerta",1934,3
"Brassicaceae","Draba lemmonii",1900,1
"Brassicaceae","Draba oligosperma",1963,11
"Brassicaceae","Draba reptans",1924,1
"Brassicaceae","Eruca sativa",1936,2
"Brassicaceae","Eruca vesicaria",1911,1
"Brassicaceae","Erysimum arkansanum",1923,1
"Brassicaceae","Erysimum asperum",1921,1
"Brassicaceae","Erysimum cheiranthoides",1957,7
"Brassicaceae","Erysimum occidentale",1959,11
"Brassicaceae","Erysimum perenne",1938,1
"Brassicaceae","Guillenia lasiophylla",1921,1
"Brassicaceae","Heterodraba unilateralis",1889,1
"Brassicaceae","Lepidium acutidens",1887,1
"Brassicaceae","Lepidium dictyotum",1948,11
"Brassicaceae","Lepidium montanum",1950,4
"Brassicaceae","Lepidium sativum",1922,1
"Brassicaceae","Lesquerella kingii",1933,2
"Brassicaceae","Malcolmia africana",1952,1
"Brassicaceae","Nasturtium sterile",1916,2
"Brassicaceae","Physaria douglasii",1963,9
"Brassicaceae","Physaria geyeri",1894,1
"Brassicaceae","Rapistrum rugosum",1902,1
"Brassicaceae","Rorippa indica",1902,2
"Brassicaceae","Rorippa nasturtium-aquaticum",1917,1
"Brassicaceae","Rorippa tenerrima",1910,2
"Brassicaceae","Schoenocrambe linifolia",1885,1
"Brassicaceae","Streptanthus cordatus",1965,7
"Brassicaceae","Thelypodium integrifolium",1950,9
"Brassicaceae","Thlaspi montanum",1942,6
"Brassicaceae","Tomostima reptans",1896,4
"Cactaceae","Opuntia fragilis",1942,4
"Campanulaceae","Campanula latifolia",1956,1
"Campanulaceae","Lobelia cardinalis",1964,1
"Campanulaceae","Lobelia hirtella",1926,1
"Campanulaceae","Specularia rariflorum",1909,1
"Campanulaceae","Triodanis biflora",1958,3
"Caprifoliaceae","Lonicera interrupta",1931,3
"Caryophyllaceae","Agrostemma githago",1959,14
"Caryophyllaceae","Arenaria aculeata",1896,1
"Caryophyllaceae","Arenaria capillaris",1937,1
"Caryophyllaceae","Arenaria franklinii",1928,1
"Caryophyllaceae","Arenaria pumicola",1935,1
"Caryophyllaceae","Cerastium brachypodum",1896,1
"Caryophyllaceae","Cerastium nutans",1914,3
"Caryophyllaceae","Cerastium tomentosum",1956,2
"Caryophyllaceae","Cerastium viscosum",1925,3
"Caryophyllaceae","Cherleria biflora",1965,9
"Caryophyllaceae","Gypsophila elegans",1933,1
"Caryophyllaceae","Loeflingia squarrosa",1942,4
"Caryophyllaceae","Minuartia austromontana",1944,1
"Caryophyllaceae","Minuartia obtusiloba",1934,1
"Caryophyllaceae","Minuartia pusilla",1925,6
"Caryophyllaceae","Myosoton aquaticum",1902,2
"Caryophyllaceae","Paronychia franciscana",1926,2
"Caryophyllaceae","Sagina japonica",1902,2
"Caryophyllaceae","Sagina subulata",1965,1
"Caryophyllaceae","Silene bridgesii",1886,1
"Caryophyllaceae","Silene conoidea",1959,5
"Caryophyllaceae","Silene noctiflora",1963,6
"Caryophyllaceae","Silene oraria",1930,1
"Caryophyllaceae","Spergularia bocconii",1902,2
"Caryophyllaceae","Spergularia diandra",1943,5
"Caryophyllaceae","Spergularia media",1902,1
"Caryophyllaceae","Spergularia villosa",1902,1
"Ceratophyllaceae","Ceratophyllum echinatum",1951,2
"Cleomaceae","Cleome lutea",1950,12
"Cleomaceae","Cleome platycarpa",1947,11
"Cleomaceae","Cleome serrulata",1925,3
"Convolvulaceae","Calystegia sepium",1937,5
"Convolvulaceae","Convolvulus luteolus",1887,1
"Convolvulaceae","Convolvulus nyctagineus",1930,2
"Convolvulaceae","Convolvulus polymorphus",1937,1
"Convolvulaceae","Convolvulus soldanella",1889,1
"Convolvulaceae","Cressa truxillensis",1927,1
"Convolvulaceae","Cuscuta approximata",1938,6
"Convolvulaceae","Cuscuta brachycalyx",1952,2
"Convolvulaceae","Cuscuta cephalanthi",1953,4
"Convolvulaceae","Cuscuta epithymum",1949,4
"Cornaceae","Cornus glabrata",1945,8
"Crassulaceae","Dudleya farinosa",1961,8
"Crassulaceae","Phedimus spurius",1958,4
"Crassulaceae","Sedum divergens",1966,15
"Crassulaceae","Sedum obtusatum",1930,2
"Crassulaceae","Sedum rosea",1944,6
"Cupressaceae","Cryptomeria japonica",1965,2
"Cupressaceae","Libocedrus decurrens",1928,1
"Cyperaceae","Bulbostylis capillaris",1887,1
"Cyperaceae","Carex comosa",1945,2
"Cyperaceae","Carex eleocharis",1938,1
"Cyperaceae","Carex gigas",1918,2
"Cyperaceae","Carex hirta",1916,1
"Cyperaceae","Carex kelloggii",1926,2
"Cyperaceae","Carex multicostata",1935,1
"Cyperaceae","Carex nova",1934,1
"Cyperaceae","Cyperus acuminatus",1937,7
"Cyperaceae","Cyperus aggregatus",1916,1
"Cyperaceae","Cyperus odoratus",1915,1
"Cyperaceae","Eleocharis decumbens",1929,1
"Cyperaceae","Eleocharis erythropoda",1948,2
"Cyperaceae","Eleocharis parvula",1924,1
"Cyperaceae","Lipocarpha aristulata",1944,1
"Cyperaceae","Scirpus americanus",1950,4
"Cyperaceae","Scirpus fluviatilis",1950,2
"Cyperaceae","Scirpus heterochaetus",1896,1
"Cyperaceae","Scirpus maritimus",1949,13
"Cyperaceae","Scirpus pungens",1948,18
"Cyperaceae","Scirpus subterminalis",1939,5
"Cyperaceae","Scirpus tabernaemontani",1948,15
"Droseraceae","Drosera longifolia",1964,4
"Droseraceae","Drosera obovata",1962,1
"Elatinaceae","Bergia texana",1915,2
"Elatinaceae","Elatine brachysperma",1894,1
"Elatinaceae","Elatine rubella",1883,1
"Ericaceae","Arctostaphylos cinerea",1886,1
"Ericaceae","Arctostaphylos glandulosa",1918,3
"Ericaceae","Arctostaphylos manzanita",1896,1
"Ericaceae","Arctostaphylos stanfordiana",1919,2
"Ericaceae","Hypopitys monotropa",1924,1
"Ericaceae","Vaccinium caespitosum",1947,1
"Ericaceae","Vaccinium deliciosum",1948,12
"Fabaceae","Acmispon denticulatus",1956,15
"Fabaceae","Acmispon wrangelianus",1947,4
"Fabaceae","Astragalus aboriginum",1899,1
"Fabaceae","Astragalus drummondii",1927,2
"Fabaceae","Astragalus gambelianus",1948,5
"Fabaceae","Astragalus hoodianus",1951,10
"Fabaceae","Astragalus lemmonii",1938,4
"Fabaceae","Astragalus spaldingii",1958,8
"Fabaceae","Cytisus multiflorus",1919,1
"Fabaceae","Lathyrus brownii",1959,13
"Fabaceae","Lotus crassifolius",1888,2
"Fabaceae","Lotus micranthus",1947,1
"Fabaceae","Lotus nevadensis",1888,1
"Fabaceae","Lotus pinnatus",1959,2
"Fabaceae","Lotus purshianus",1939,2
"Fabaceae","Lupinus andersonii",1939,8
"Fabaceae","Lupinus oreganus",1918,1
"Fabaceae","Lupinus sabinii",1944,2
"Fabaceae","Medicago hispida",1958,4
"Fabaceae","Melilotus indicus",1921,4
"Fabaceae","Ononis spinosa",1919,1
"Fabaceae","Oxytropis viscida",1907,1
"Fabaceae","Psoralea lanceolata",1923,1
"Fabaceae","Trifolium beckwithii",1927,7
"Fabaceae","Trifolium breweri",1953,4
"Fabaceae","Trifolium echinatum",1902,1
"Fabaceae","Trifolium macraei",1967,17
"Fabaceae","Trifolium obtusiflorum",1947,6
"Fabaceae","Trifolium procumbens",1937,2
"Fabaceae","Trifolium rydbergii",1908,1
"Fabaceae","Trifolium siskiyouense",1918,7
"Fabaceae","Vicia angustifolia",1926,2
"Fabaceae","Vicia californica",1931,5
"Fabaceae","Vicia cracca",1911,2
"Fabaceae","Vicia hassei",1889,1
"Fabaceae","Vicia pannonica",1943,6
"Fagaceae","Chrysolepis sempervirens",1936,2
"Fagaceae","Quercus morehus",1956,13
"Frankeniaceae","Frankenia pulverulenta",1902,1
"Garryaceae","Garrya buxifolia",1965,18
"Gentianaceae","Erythraea minima",1883,1
"Geraniaceae","Geranium retrorsum",1939,1
"Grossulariaceae","Ribes erythrocarpum",1967,23
"Grossulariaceae","Ribes howellii",1933,8
"Grossulariaceae","Ribes menziesii",1951,18
"Grossulariaceae","Ribes mogollonicum",1940,1
"Grossulariaceae","Ribes petiolare",1926,5
"Grossulariaceae","Ribes reniforme",1922,1
"Grossulariaceae","Ribes triste",1927,3
"Grossulariaceae","Ribes watsonianum",1938,4
"Haloragaceae","Myriophyllum exalbescens",1920,1
"Hydrangeaceae","Philadelphus gordonianus",1938,2
"Hydrophyllaceae","Hydrophyllum thompsonii",1914,1
"Hydrophyllaceae","Nemophila heterophylla",1948,2
"Hydrophyllaceae","Nemophila maculata",1961,1
"Hydrophyllaceae","Phacelia adenophora",1941,3
"Hydrophyllaceae","Phacelia bicolor",1955,15
"Hydrophyllaceae","Phacelia egena",1952,7
"Hydrophyllaceae","Phacelia malvifolia",1884,1
"Hydrophyllaceae","Phacelia minutissima",1934,1
"Hydrophyllaceae","Phacelia tanacetifolia",1934,3
"Iridaceae","Sisyrinchium halophilum",1939,3
"Juncaceae","Juncus arcticus",1949,18
"Juncaceae","Juncus brachyphyllus",1952,6
"Juncaceae","Juncus capillaris",1896,1
"Juncaceae","Juncus filiformis",1961,8
"Juncaceae","Juncus kelloggii",1930,8
"Juncaceae","Juncus mexicanus",1917,1
"Juncaceae","Juncus saximontanus",1911,1
"Juncaceae","Juncus xiphioides",1950,6
"Juncaceae","Luzula forsteri",1910,1
"Juncaceae","Luzula orestera",1963,9
"Juncaginaceae","Triglochin maritimum",1948,13
"Lamiaceae","Ballota nigra",1902,1
"Lamiaceae","Dracocephalum parviflorum",1961,3
"Lamiaceae","Hedeoma pulegioides",1931,1
"Lamiaceae","Lamium maculatum",1916,4
"Lamiaceae","Lycopus lucidus",1916,3
"Lamiaceae","Mentha longifolia",1930,1
"Lamiaceae","Moluccella laevis",1933,1
"Lamiaceae","Physostegia parviflora",1928,7
"Lamiaceae","Salvia sylvestris",1921,1
"Lamiaceae","Scutellaria tuberosa",1946,14
"Lamiaceae","Trichostema simulatum",1967,5
"Liliaceae","Calochortus galei",1925,1
"Liliaceae","Calochortus nuttallii",1943,5
"Liliaceae","Disporum trachycarpum",1961,1
"Liliaceae","Erythronium giganteum",1925,3
"Liliaceae","Erythronium howellii",1887,2
"Liliaceae","Erythronium montanum",1954,17
"Liliaceae","Erythronium parviflorum",1919,1
"Liliaceae","Lilium kelloggii",1943,1
"Liliaceae","Lilium rubescens",1909,1
"Liliaceae","Prosartes parvifolia",1910,1
"Limnanthaceae","Limnanthes gracilis",1948,11
"Linaceae","Linum usitatissimum",1925,3
"Linaceae","Sclerolinon digynum",1930,5
"Loasaceae","Mentzelia veatchiana",1962,24
"Lythraceae","Lythrum alatum",1885,1
"Malvaceae","Callirhoe involucrata",1930,1
"Malvaceae","Hibiscus palustris",1965,1
"Malvaceae","Malva parviflora",1885,1
"Malvaceae","Malva pusilla",1919,2
"Malvaceae","Malva sylvestris",1960,7
"Malvaceae","Sidalcea diploscypha",1932,1
"Malvaceae","Sidalcea maxima",1927,1
"Malvaceae","Sidalcea neomexicana",1952,2
"Malvaceae","Sidalcea valida",1927,2
"Melanthiaceae","Toxicoscordion fremontii",1947,11
"Melanthiaceae","Veratrum insolitum",1948,10
"Montiaceae","Lewisia leana",1945,2
"Montiaceae","Lewisia whiteae",1926,1
"Montiaceae","Montia spathulata",1920,2
"Nitrariaceae","Peganum harmala",1967,2
"Onagraceae","Camissonia andina",1942,13
"Onagraceae","Camissonia claviformis",1943,2
"Onagraceae","Camissonia contorta",1953,32
"Onagraceae","Camissonia scapoidea",1955,1
"Onagraceae","Camissonia tanacetifolia",1927,1
"Onagraceae","Chylismiella pterosperma",1945,2
"Onagraceae","Epilobium adenocaulon",1887,1
"Onagraceae","Epilobium leptocarpum",1944,3
"Onagraceae","Epilobium pygmaeum",1952,12
"Onagraceae","Gayophytum caesium",1915,2
"Onagraceae","Oenothera minor",1949,1
"Onagraceae","Oenothera rosea",1945,1
"Onagraceae","Tetrapteron palmeri",1940,3
"Ophioglossaceae","Botrychium multifidum",1927,3
"Ophioglossaceae","Botrychium virginianum",1944,2
"Orchidaceae","Corallorhiza wisteriana",1882,1
"Orchidaceae","Cypripedium fasciculatum",1958,11
"Orchidaceae","Listera banksiana",1930,1
"Orchidaceae","Listera caurina",1932,1
"Orchidaceae","Platanthera obtusata",1964,3
"Orobanchaceae","Castilleja affinis",1947,14
"Orobanchaceae","Castilleja exilis",1936,1
"Orobanchaceae","Castilleja levisecta",1938,6
"Orobanchaceae","Castilleja oreopola",1933,3
"Orobanchaceae","Castilleja ownbeyana",1961,1
"Orobanchaceae","Castilleja payneae",1933,1
"Orobanchaceae","Castilleja pinetorum",1927,2
"Orobanchaceae","Castilleja septentrionalis",1936,8
"Orobanchaceae","Castilleja steenensis",1925,1
"Orobanchaceae","Orobanche ludoviciana",1915,2
"Orobanchaceae","Orobanche parishii",1947,1
"Orobanchaceae","Parentucellia viscosa",1924,1
"Papaveraceae","Corydalis lutea",1917,1
"Papaveraceae","Papaver dubium",1922,1
"Phrymaceae","Diplacus clivicola",1949,4
"Phrymaceae","Erythranthe caespitosa",1936,2
"Phrymaceae","Erythranthe moniliformis",1938,8
"Phrymaceae","Mimulus alsinoides",1888,1
"Phrymaceae","Mimulus breviflorus",1945,1
"Phrymaceae","Mimulus cardinalis",1960,1
"Phrymaceae","Mimulus clivicola",1933,1
"Phrymaceae","Mimulus cusickii",1941,4
"Phrymaceae","Mimulus dentatus",1938,3
"Phrymaceae","Mimulus floribundus",1927,2
"Phrymaceae","Mimulus moschatus",1919,1
"Phrymaceae","Mimulus nanus",1957,31
"Phrymaceae","Mimulus suksdorfii",1952,2
"Pinaceae","Cedrus atlantica",1938,1
"Pinaceae","Cedrus libani",1958,7
"Pinaceae","Larix decidua",1952,1
"Pinaceae","Larix laricina",1933,1
"Pinaceae","Larix leptolepis",1951,1
"Pinaceae","Pinus densiflora",1961,1
"Pinaceae","Pinus muricata",1965,1
"Pinaceae","Pinus nigra",1953,2
"Pinaceae","Pinus rigida",1963,1
"Pinaceae","Pinus strobus",1953,3
"Pinaceae","Tsuga chinensis",1946,1
"Plantaginaceae","Antirrhinum kingii",1948,6
"Plantaginaceae","Antirrhinum majus",1926,1
"Plantaginaceae","Callitriche stenoptera",1927,1
"Plantaginaceae","Callitriche trochlearis",1953,2
"Plantaginaceae","Collinsia torreyi",1913,1
"Plantaginaceae","Linaria cymbalaria",1916,1
"Plantaginaceae","Penstemon gracilentus",1932,2
"Plantaginaceae","Penstemon lemmonii",1931,1
"Plantaginaceae","Penstemon oreocharis",1943,3
"Plantaginaceae","Plantago aristata",1913,3
"Plantaginaceae","Plantago eriopoda",1957,3
"Plantaginaceae","Veronica agrestis",1902,3
"Plantaginaceae","Veronica chamaedrys",1959,6
"Plantaginaceae","Veronica filiformis",1960,16
"Plantaginaceae","Veronica longifolia",1956,1
"Plantaginaceae","Veronica triphyllos",1962,2
"Plantaginaceae","Veronica undulata",1902,3
"Poaceae","Achnatherum bloomeri",1941,3
"Poaceae","Agropogon lutosus",1968,3
"Poaceae","Agropyron dasystachyum",1917,1
"Poaceae","Agropyron inerme",1885,1
"Poaceae","Agropyron riparium",1940,2
"Poaceae","Agropyron spicatum",1952,5
"Poaceae","Agropyron trachycaulum",1955,2
"Poaceae","Agrostis diegoensis",1954,10
"Poaceae","Agrostis hendersonii",1930,1
"Poaceae","Agrostis oregonensis",1965,20
"Poaceae","Agrostis palustris",1966,24
"Poaceae","Agrostis rossae",1914,1
"Poaceae","Agrostis tenuis",1948,3
"Poaceae","Amelichloa caudata",1915,1
"Poaceae","Apera spica-venti",1915,4
"Poaceae","Bromus mollis",1957,1
"Poaceae","Bromus pratensis",1914,1
"Poaceae","Bromus racemosus",1918,3
"Poaceae","Bromus rigidus",1958,1
"Poaceae","Bromus thominei",1917,1
"Poaceae","Calamagrostis purpurascens",1961,3
"Poaceae","Chloris radiata",1915,1
"Poaceae","Cladoraphis cyperoides",1915,2
"Poaceae","Coleanthus subtilis",1922,4
"Poaceae","Desmazeria rigida",1921,5
"Poaceae","Echinochloa colona",1902,1
"Poaceae","Eleusine indica",1915,1
"Poaceae","Eleusine tristachya",1915,1
"Poaceae","Elyhordeum macounii",1937,4
"Poaceae","Elyleymus aristatus",1937,1
"Poaceae","Elymus aristatus",1901,2
"Poaceae","Elymus canadensis",1952,4
"Poaceae","Elymus flavescens",1950,1
"Poaceae","Elymus hansenii",1957,7
"Poaceae","Elymus macounii",1954,1
"Poaceae","Elymus saundersii",1916,2
"Poaceae","Elymus triticoides",1948,1
"Poaceae","Elymus tsukushiensis",1903,1
"Poaceae","Elysitanion aristatum",1957,3
"Poaceae","Eragrostis lutescens",1922,1
"Poaceae","Eragrostis pilosa",1913,1
"Poaceae","Fluminea festucacea",1950,1
"Poaceae","Gastridium ventricosum",1933,1
"Poaceae","Glyceria erecta",1929,2
"Poaceae","Glyceria fluitans",1958,1
"Poaceae","Hordeum depressum",1928,1
"Poaceae","Leptochloa fusca",1938,1
"Poaceae","Leymus vancouverensis",1939,5
"Poaceae","Lolium temulentum",1956,15
"Poaceae","Melica aristata",1925,2
"Poaceae","Muhlenbergia glomerata",1900,1
"Poaceae","Not onagraceae",1930,1
"Poaceae","Panicum barbipulvinatum",1915,2
"Poaceae","Parapholis incurva",1916,2
"Poaceae","Phalaris angusta",1926,2
"Poaceae","Phalaris californica",1884,1
"Poaceae","Phalaris minor",1924,3
"Poaceae","Phleum arenarium",1907,1
"Poaceae","Poa douglasii",1887,1
"Poaceae","Poa fendleriana",1937,6
"Poaceae","Poa glauca",1900,1
"Poaceae","Poa gracillima",1899,1
"Poaceae","Poa juncifolia",1953,1
"Poaceae","Poa laxa",1900,1
"Poaceae","Poa sandbergii",1925,1
"Poaceae","Poa suksdorfii",1961,7
"Poaceae","Polypogon fugax",1916,2
"Poaceae","Polypogon viridis",1922,3
"Poaceae","Rytidosperma biannulare",1945,1
"Poaceae","Scolochloa festucacea",1950,2
"Poaceae","Secale strictum",1954,2
"Poaceae","Setaria parviflora",1916,1
"Poaceae","Sphenopholis obtusata",1934,5
"Poaceae","Stipa lemmonii",1930,1
"Poaceae","Stipa occidentalis",1954,2
"Poaceae","Stipa robusta",1942,2
"Poaceae","Stipa thurberiana",1956,4
"Poaceae","Thinopyrum junceum",1915,2
"Poaceae","Thinopyrum pycnanthum",1919,1
"Poaceae","Urochloa mutica",1915,1
"Polemoniaceae","Aliciella humillima",1956,4
"Polemoniaceae","Allophyllum gilioides",1946,10
"Polemoniaceae","Collomia larsenii",1957,7
"Polemoniaceae","Collomia tenella",1957,4
"Polemoniaceae","Gilia brecciarum",1941,7
"Polemoniaceae","Gilia gracilis",1927,1
"Polemoniaceae","Gilia leptalea",1936,2
"Polemoniaceae","Gilia tenerrima",1949,3
"Polemoniaceae","Gilia tweedyi",1958,11
"Polemoniaceae","Gymnosteris nudicaulis",1942,10
"Polemoniaceae","Ipomopsis minutiflora",1938,1
"Polemoniaceae","Langloisia setosissima",1942,4
"Polemoniaceae","Linanthus harknessii",1934,2
"Polemoniaceae","Navarretia atractyloides",1927,4
"Polemoniaceae","Navarretia heterandra",1952,4
"Polemoniaceae","Polemonium elegans",1957,2
"Polygonaceae","Chorizanthe brevicornu",1949,8
"Polygonaceae","Eriogonum cernuum",1952,5
"Polygonaceae","Eriogonum luteolum",1952,6
"Polygonaceae","Eriogonum nutans",1949,2
"Polygonaceae","Eriogonum roseum",1909,3
"Polygonaceae","Fagopyrum esculentum",1947,2
"Polygonaceae","Polygonum achoreum",1968,2
"Polygonaceae","Polygonum alpinum",1952,1
"Polygonaceae","Polygonum amphibium",1957,6
"Polygonaceae","Polygonum bistortoides",1952,2
"Polygonaceae","Polygonum californicum",1952,7
"Polygonaceae","Polygonum confertiflorum",1941,1
"Polygonaceae","Polygonum erectum",1949,2
"Polygonaceae","Polygonum gabrielae",1953,1
"Polygonaceae","Polygonum hydropiperoides",1957,5
"Polygonaceae","Polygonum kelloggii",1955,2
"Polygonaceae","Polygonum lapathifolium",1955,3
"Polygonaceae","Polygonum leptocarpum",1937,1
"Polygonaceae","Polygonum parryi",1918,3
"Polygonaceae","Polygonum phytolaccifolium",1925,1
"Polygonaceae","Polygonum punctatum",1947,1
"Polygonaceae","Polygonum ramosissimum",1949,9
"Polygonaceae","Polygonum shastense",1951,6
"Polygonaceae","Polygonum viviparum",1944,4
"Polygonaceae","Rumex dentatus",1902,1
"Polygonaceae","Rumex maritimus",1947,1
"Polygonaceae","Rumex persicarioides",1960,5
"Pontederiaceae","Eichhornia crassipes",1956,1
"Potamogetonaceae","Potamogeton fibrillosus",1927,1
"Primulaceae","Androsace septentrionalis",1965,6
"Primulaceae","Centunculus minimus",1926,7
"Primulaceae","Dodecatheon dentatum",1965,8
"Primulaceae","Lysimachia ciliata",1938,7
"Primulaceae","Lysimachia punctata",1960,2
"Primulaceae","Trientalis arctica",1935,6
"Pteridaceae","Adiantum pedatum",1953,2
"Pteridaceae","Cheilanthes siliquosa",1939,1
"Pteridaceae","Pteris cretica",1956,1
"Pteridaceae","Pteris semipinnata",1956,1
"Pteridaceae","Pteris serrulata",1962,2
"Pteridaceae","Pteris tremula",1956,2
"Ranunculaceae","Anemone felix",1926,1
"Ranunculaceae","Anemone globosa",1958,9
"Ranunculaceae","Aquilegia canadensis",1958,1
"Ranunculaceae","Aquilegia sibirica",1915,1
"Ranunculaceae","Cimicifuga laciniata",1934,7
"Ranunculaceae","Delphinium occidentale",1915,1
"Ranunculaceae","Delphinium scaposum",1949,2
"Ranunculaceae","Myosurus clavicaulis",1925,1
"Ranunculaceae","Ranunculus alismaefolius",1943,1
"Ranunculaceae","Ranunculus bulbosus",1922,2
"Ranunculaceae","Ranunculus flabellaris",1953,2
"Ranunculaceae","Ranunculus gmelinii",1931,3
"Ranunculaceae","Ranunculus hebecarpus",1934,6
"Ranunculaceae","Ranunculus suksdorfii",1907,2
"Ranunculaceae","Thalictrum sparsiflorum",1966,13
"Ranunculaceae","Trautvetteria grandis",1888,1
"Ranunculaceae","Trollius albiflorus",1940,1
"Ranunculaceae","Viticella pedunculata",1923,1
"Resedaceae","Reseda lutea",1922,4
"Resedaceae","Reseda luteola",1922,3
"Rhamnaceae","Ceanothus impressus",1958,1
"Rosaceae","Agrimonia gryposepala",1959,4
"Rosaceae","Amelasorbus jackii",1915,1
"Rosaceae","Crataegus macracantha",1915,2
"Rosaceae","Crataegus suksdorfii",1886,1
"Rosaceae","Fragaria cuneifolia",1932,1
"Rosaceae","Fragaria platypetala",1943,2
"Rosaceae","Holodiscus dumosus",1949,1
"Rosaceae","Potentilla bruceae",1936,2
"Rosaceae","Potentilla millefolia",1954,12
"Rosaceae","Potentilla pectinisecta",1949,1
"Rosaceae","Potentilla reptans",1958,3
"Rosaceae","Potentilla rubricaulis",1953,1
"Rosaceae","Potentilla supina",1948,2
"Rosaceae","Prunus persica",1953,1
"Rosaceae","Prunus subcordata",1948,26
"Rosaceae","Pyrus fusca",1914,1
"Rosaceae","Rosa californica",1930,1
"Rosaceae","Rosa macounii",1917,5
"Rosaceae","Rubus ulmifolius",1952,1
"Rosaceae","Sanguisorba minor",1940,1
"Rubiaceae","Galium bolanderi",1939,16
"Rubiaceae","Galium californicum",1929,1
"Rubiaceae","Galium filipes",1933,1
"Rubiaceae","Galium glabrescens",1945,2
"Rubiaceae","Galium muricatum",1946,5
"Rubiaceae","Galium nuttallii",1961,1
"Rubiaceae","Galium tricornutum",1937,8
"Rubiaceae","Rubia tinctoria",1922,2
"Salicaceae","Populus canadensis",1930,2
"Salicaceae","Salix columbiana",1884,1
"Salicaceae","Salix eriocephala",1947,2
"Salicaceae","Salix fluviatilis",1922,3
"Salicaceae","Salix laevigata",1940,2
"Salicaceae","Salix lucida",1953,5
"Salicaceae","Salix pendulina",1953,2
"Salicaceae","Salix sepulcralis",1924,2
"Salicaceae","Salix tracyi",1932,1
"Santalaceae","Phoradendron bolleanum",1948,4
"Sapindaceae","Acer saccharum",1963,3
"Saururaceae","Anemopsis californica",1965,4
"Saxifragaceae","Heuchera glabra",1932,4
"Saxifragaceae","Lithophragma affine",1964,7
"Saxifragaceae","Lithophragma bulbifera",1934,2
"Saxifragaceae","Micranthes apetala",1953,3
"Saxifragaceae","Micranthes tolmiei",1960,32
"Saxifragaceae","Mitella diversifolia",1967,26
"Saxifragaceae","Saxifraga hyperborea",1961,3
"Saxifragaceae","Saxifraga marshallii",1934,3
"Saxifragaceae","Saxifraga nidifica",1927,1
"Saxifragaceae","Saxifraga nuttallii",1882,1
"Saxifragaceae","Saxifraga occidentalis",1934,1
"Saxifragaceae","Saxifraga odontoloma",1919,2
"Saxifragaceae","Saxifraga rufidula",1885,1
"Saxifragaceae","Saxifragopsis fragarioides",1936,5
"Sciadopityaceae","Sciadopitys verticillata",1965,4
"Scrophulariaceae","Verbascum phlomoides",1962,1
"Scrophulariaceae","Verbascum speciosum",1909,3
"Solanaceae","Calibrachoa parviflora",1902,3
"Solanaceae","Lycium barbarum",1937,3
"Solanaceae","Nicandra physalodes",1946,4
"Solanaceae","Nicotiana rustica",1902,1
"Solanaceae","Physalis grisea",1925,3
"Solanaceae","Solanum elaeagnifolium",1945,1
"Solanaceae","Solanum sarrachoides",1947,2
"Solanaceae","Solanum sisymbriifolium",1882,1
"Solanaceae","Solanum umbelliferum",1902,1
"Taxaceae","Taxus cuspidata",1937,1
"Taxaceae","Taxus media",1959,4
"Urticaceae","Urtica urens",1944,3
"Valerianaceae","Plectritis ciliosa",1961,6
"Valerianaceae","Valeriana officinalis",1914,1
"Valerianaceae","Valerianella carinata",1959,4
"Verbenaceae","Verbena incompta",1887,1
"Verbenaceae","Verbena officinalis",1922,1
"Violaceae","Viola bellidifolia",1934,3
"Violaceae","Viola howellii",1967,32
"Violaceae","Viola langsdorfii",1942,4
"Violaceae","Viola psychodes",1887,1
